<?xml version="1.0" encoding="UTF-8"?>
<project-private xmlns="http://www.netbeans.org/ns/project-private/1">
    <editor-bookmarks xmlns="http://www.netbeans.org/ns/editor-bookmarks/2" lastBookmarkId="0"/>
    <open-files xmlns="http://www.netbeans.org/ns/projectui-open-files/2">
        <group>
            <file>file:/D:/Project_Assignment/SE1880_AssignmentPRJ301/Assignment_PRJ301/src/java/dal/PlanDao.java</file>
            <file>file:/D:/Project_Assignment/SE1880_AssignmentPRJ301/Assignment_PRJ301/web/login.jsp</file>
            <file>file:/D:/Project_Assignment/SE1880_AssignmentPRJ301/Assignment_PRJ301/src/java/dal/PlanCampainDao.java</file>
            <file>file:/D:/Project_Assignment/SE1880_AssignmentPRJ301/Assignment_PRJ301/web/schedualcampain/list.jsp</file>
            <file>file:/D:/Project_Assignment/SE1880_AssignmentPRJ301/Assignment_PRJ301/web/schedualcampain/create.jsp</file>
            <file>file:/D:/Project_Assignment/SE1880_AssignmentPRJ301/Assignment_PRJ301/src/java/controller/schedualcampain/SchedualCampainCreateController.java</file>
            <file>file:/D:/Project_Assignment/SE1880_AssignmentPRJ301/Assignment_PRJ301/web/home.jsp</file>
            <file>file:/D:/Project_Assignment/SE1880_AssignmentPRJ301/Assignment_PRJ301/src/java/controller/schedualcampain/SchedualCampainListController.java</file>
            <file>file:/D:/Project_Assignment/SE1880_AssignmentPRJ301/Assignment_PRJ301/web/index.html</file>
            <file>file:/D:/Project_Assignment/SE1880_AssignmentPRJ301/Assignment_PRJ301/src/java/dal/SchedualCampaignDao.java</file>
        </group>
    </open-files>
</project-private>
