<?xml version="1.0" encoding="UTF-8"?>
<project-private xmlns="http://www.netbeans.org/ns/project-private/1">
    <editor-bookmarks xmlns="http://www.netbeans.org/ns/editor-bookmarks/2" lastBookmarkId="0"/>
    <open-files xmlns="http://www.netbeans.org/ns/projectui-open-files/2">
        <group>
            <file>file:/D:/Project_Assignment/SE1880_AssignmentPRJ301/Assignment_PRJ301/src/java/dal/EmployeeDao.java</file>
            <file>file:/D:/Project_Assignment/SE1880_AssignmentPRJ301/Assignment_PRJ301/src/java/dal/DepartmentDao.java</file>
            <file>file:/D:/Project_Assignment/SE1880_AssignmentPRJ301/Assignment_PRJ301/src/java/dal/DBContext.java</file>
        </group>
    </open-files>
</project-private>
